fold,r2,mae,mape,rmse
1,0.9543019170589412,6.014823383244837,3.021601612484137,7.558781079970774
2,0.9687838267798532,4.935969343247682,2.4665078189610097,6.303873035205894
3,0.9623699262668632,5.048704064488458,2.423471856282656,6.323945922662153
4,0.960461905448543,4.843866587017572,2.424847952295215,6.265582606380095
5,0.9617505358539227,5.2864973474012915,2.6046011670537257,6.742662633768813
